EID,EC1,EC2,EC3,EC4,EC5,EC6,EC7,EC8,EC9,EC10,EC11,EC12,EC13,EC14,EC15,EC16,EC17,EC18,EC19,EC20,EC21,EC22,EC23,EC24,EC25,EC26,EC27,EC28,EC29,EC30,EC31,EC32,EC33,EC34,EC35,EC36,EC37,EC38,EC39,EC40,EC41,EC42,EC43,EC44,EC45,EC46,EC47,EC48,EC49,EC50,EC51,EC52,EC53,EC54,EC55,EC56,EC57,EC58,EC59,EC60,EC61,EC62,EC63,EC64,EC65,EC66,EC67,EC68,EC69,EC70,EC71,EC72,EC73,EC74,EC75,EC76,EC77,EC78,EC79,EC80,EC81,EC82,EC83,EC84,EC85,EC86,EC87,EC88,EC89,EC90,EC91,EC92,EC93,EC94,EC95,EC96,EC97,EC98,EC99,EC100
16WW,0.8134366062447965,0.6568597959647288,1.7729299320792529,1.8895601849806085,0.8286664441741275,-2.2846888438184,-0.3771660136302635,-1.0925691533505117,0.15925184989154284,1.3261814242210115,0.31316791791918724,-0.5731214308149779,-1.4684656719825147,-0.1660739649557224,0.6182269945426011,-0.4003618876468677,0.7405230686898292,-0.6729481567759851,-0.044385826563856035,-1.7416693217471166,-0.053882179602713194,0.09249712116642866,0.34129174186949457,0.8979773920292037,0.8380549241992368,0.33469463906714997,0.6664372178956124,-0.8464249417217504,-1.1115499776446889,0.034225684122045595,-0.5050198482886037,0.03151305245595926,-0.6901294639025015,-0.11648928216904678,0.07917823788313881,1.7206747955584238,1.511750700194878,0.1043888921708296,1.572469791144219,-0.23263886583941154,1.0676628126822234,0.8272665060895913,-0.3245730077177134,-0.24617671316607728,-0.5517568079252666,-0.06911148566481905,-0.9922225922568558,1.4618608045891137,0.6181169660010793,0.015248524620533518,-0.4377071268698033,0.7506614027078623,2.5308206872712953,-2.560086652176074,-0.5128831122533721,0.5683634513027925,0.9989091483382844,-0.1924836445834154,-2.1434152057939775,-1.4121765221358613,0.4382521404755256,0.30753917211187237,-1.978182799490139,-0.6277853426674869,-1.1246450307439617,-0.8337508781285035,-0.9645139397652263,-0.6735109767176143,0.28787937223277243,0.9365531085817747,-1.5721356994110147,0.6772086570872952,-0.6787930392834839,0.1331149723399297,1.48138624592639,0.8940401432730596,1.369576911790323,-0.48406225812368087,-0.8924640062255206,-0.886897276233974,-0.8141475514502526,1.089799056105386,0.7041633638314163,-1.0819861849044023,-0.4640976774766283,-0.22511164156345903,1.2211733010192556,1.1446047662794605,1.2306447617229228,0.32951495337260056,2.4292768503169944,-0.7768252772707201,-0.9529935412701173,-0.8396559516543433,-0.11593437001353023,-1.4281225409094027,-0.2890416444614579,1.2152006029382727,0.515417622522165,1.2123724516742502
