ENV,X1,X2,X3
14DS,0.099607794,0.525869717,0.678697876
14WW,0.918238554,0.56926298,0.573828832
16DS,0.340217636,0.083943045,0.726461721
16WW,0.130140944,0.416868358,0.011777575
